{
  "Column_0": 0.3291315571113991,
  "Column_1": 0.6668135970830917,
  "Column_2": 732.6609056609517,
  "Column_3": 245.35242622542864
}